Question,Answer
"How can I reset my online banking password?","You can reset your password by clicking on the 'Forgot Password' link on the login page."
"How do I report a lost or stolen card?","Immediately call our 24/7 hotline at 1-800-XXX-XXXX to report a lost or stolen card."
"What documentation is required to open a business account?","To open a business account, you will need your business license, EIN, and personal identification documents."
"Can I open an account for my child?","Yes, we offer various youth and student accounts designed to help young people learn financial responsibility."
"What are the benefits of online banking?","Online banking offers convenience, such as 24/7 account access, online bill pay, and real-time balance and transaction monitoring."
"How can I update my personal information?","You can update your personal information through your online banking profile or by visiting a local branch."
"How do I close my bank account?","To close your account, please visit your local branch or contact our customer service for the procedure."
"How can I access online banking?","You can access online banking by registering on our website or mobile app with your account details and setting up secure login credentials."
"How do I make a deposit?","Deposits can be made at ATMs, by using our mobile deposit feature, or by visiting any of our branch locations."


